ticker,company_name,market_cap
360ONE.NS,360ONE,
3MINDIA.NS,3MINDIA,
ABB.NS,ABB,
ACC.NS,ACC,
ACMESOLAR.NS,ACMESOLAR,
AIAENG.NS,AIAENG,
APLAPOLLO.NS,APLAPOLLO,
AUBANK.NS,AUBANK,
AWL.NS,AWL,
AADHARHFC.NS,AADHARHFC,
AARTIIND.NS,AARTIIND,
AAVAS.NS,AAVAS,
ABBOTINDIA.NS,ABBOTINDIA,
ACE.NS,ACE,
ADANIENSOL.NS,ADANIENSOL,
ADANIENT.NS,ADANIENT,
ADANIGREEN.NS,ADANIGREEN,
ADANIPORTS.NS,ADANIPORTS,
ADANIPOWER.NS,ADANIPOWER,
ATGL.NS,ATGL,
ABCAPITAL.NS,ABCAPITAL,
ABFRL.NS,ABFRL,
ABLBL.NS,ABLBL,
ABREL.NS,ABREL,
ABSLAMC.NS,ABSLAMC,
AEGISLOG.NS,AEGISLOG,
AEGISVOPAK.NS,AEGISVOPAK,
AFCONS.NS,AFCONS,
AFFLE.NS,AFFLE,
AJANTPHARM.NS,AJANTPHARM,
AKUMS.NS,AKUMS,
AKZOINDIA.NS,AKZOINDIA,
APLLTD.NS,APLLTD,
ALKEM.NS,ALKEM,
ALKYLAMINE.NS,ALKYLAMINE,
ALOKINDS.NS,ALOKINDS,
ARE&M.NS,ARE&M,
AMBER.NS,AMBER,
AMBUJACEM.NS,AMBUJACEM,
ANANDRATHI.NS,ANANDRATHI,
ANANTRAJ.NS,ANANTRAJ,
ANGELONE.NS,ANGELONE,
APARINDS.NS,APARINDS,
APOLLOHOSP.NS,APOLLOHOSP,
APOLLOTYRE.NS,APOLLOTYRE,
APTUS.NS,APTUS,
ASAHIINDIA.NS,ASAHIINDIA,
ASHOKLEY.NS,ASHOKLEY,
ASIANPAINT.NS,ASIANPAINT,
ASTERDM.NS,ASTERDM,
ASTRAZEN.NS,ASTRAZEN,
ASTRAL.NS,ASTRAL,
ATHERENERG.NS,ATHERENERG,
ATUL.NS,ATUL,
AUROPHARMA.NS,AUROPHARMA,
AIIL.NS,AIIL,
DMART.NS,DMART,
AXISBANK.NS,AXISBANK,
BASF.NS,BASF,
BEML.NS,BEML,
BLS.NS,BLS,
BSE.NS,BSE,
BAJAJ-AUTO.NS,BAJAJ-AUTO,
BAJFINANCE.NS,BAJFINANCE,
BAJAJFINSV.NS,BAJAJFINSV,
BAJAJHLDNG.NS,BAJAJHLDNG,
BAJAJHFL.NS,BAJAJHFL,
BALKRISIND.NS,BALKRISIND,
BALRAMCHIN.NS,BALRAMCHIN,
BANDHANBNK.NS,BANDHANBNK,
BANKBARODA.NS,BANKBARODA,
BANKINDIA.NS,BANKINDIA,
MAHABANK.NS,MAHABANK,
BATAINDIA.NS,BATAINDIA,
BAYERCROP.NS,BAYERCROP,
BERGEPAINT.NS,BERGEPAINT,
BDL.NS,BDL,
BEL.NS,BEL,
BHARATFORG.NS,BHARATFORG,
BHEL.NS,BHEL,
BPCL.NS,BPCL,
BHARTIARTL.NS,BHARTIARTL,
BHARTIHEXA.NS,BHARTIHEXA,
BIKAJI.NS,BIKAJI,
BIOCON.NS,BIOCON,
BSOFT.NS,BSOFT,
BLUEDART.NS,BLUEDART,
BLUEJET.NS,BLUEJET,
BLUESTARCO.NS,BLUESTARCO,
BBTC.NS,BBTC,
BOSCHLTD.NS,BOSCHLTD,
FIRSTCRY.NS,FIRSTCRY,
BRIGADE.NS,BRIGADE,
BRITANNIA.NS,BRITANNIA,
MAPMYINDIA.NS,MAPMYINDIA,
CCL.NS,CCL,
CESC.NS,CESC,
CGPOWER.NS,CGPOWER,
CRISIL.NS,CRISIL,
CAMPUS.NS,CAMPUS,
CANFINHOME.NS,CANFINHOME,
CANBK.NS,CANBK,
CAPLIPOINT.NS,CAPLIPOINT,
CGCL.NS,CGCL,
CARBORUNIV.NS,CARBORUNIV,
CASTROLIND.NS,CASTROLIND,
CEATLTD.NS,CEATLTD,
CENTRALBK.NS,CENTRALBK,
CDSL.NS,CDSL,
CENTURYPLY.NS,CENTURYPLY,
CERA.NS,CERA,
CHALET.NS,CHALET,
CHAMBLFERT.NS,CHAMBLFERT,
CHENNPETRO.NS,CHENNPETRO,
CHOICEIN.NS,CHOICEIN,
CHOLAHLDNG.NS,CHOLAHLDNG,
CHOLAFIN.NS,CHOLAFIN,
CIPLA.NS,CIPLA,
CUB.NS,CUB,
CLEAN.NS,CLEAN,
COALINDIA.NS,COALINDIA,
COCHINSHIP.NS,COCHINSHIP,
COFORGE.NS,COFORGE,
COHANCE.NS,COHANCE,
COLPAL.NS,COLPAL,
CAMS.NS,CAMS,
CONCORDBIO.NS,CONCORDBIO,
CONCOR.NS,CONCOR,
COROMANDEL.NS,COROMANDEL,
CRAFTSMAN.NS,CRAFTSMAN,
CREDITACC.NS,CREDITACC,
CROMPTON.NS,CROMPTON,
CUMMINSIND.NS,CUMMINSIND,
CYIENT.NS,CYIENT,
DCMSHRIRAM.NS,DCMSHRIRAM,
DLF.NS,DLF,
DOMS.NS,DOMS,
DABUR.NS,DABUR,
DALBHARAT.NS,DALBHARAT,
DATAPATTNS.NS,DATAPATTNS,
DEEPAKFERT.NS,DEEPAKFERT,
DEEPAKNTR.NS,DEEPAKNTR,
DELHIVERY.NS,DELHIVERY,
DEVYANI.NS,DEVYANI,
DIVISLAB.NS,DIVISLAB,
DIXON.NS,DIXON,
AGARWALEYE.NS,AGARWALEYE,
LALPATHLAB.NS,LALPATHLAB,
DRREDDY.NS,DRREDDY,
EIDPARRY.NS,EIDPARRY,
EIHOTEL.NS,EIHOTEL,
EICHERMOT.NS,EICHERMOT,
ELECON.NS,ELECON,
ELGIEQUIP.NS,ELGIEQUIP,
EMAMILTD.NS,EMAMILTD,
EMCURE.NS,EMCURE,
ENDURANCE.NS,ENDURANCE,
ENGINERSIN.NS,ENGINERSIN,
ERIS.NS,ERIS,
ESCORTS.NS,ESCORTS,
ETERNAL.NS,ETERNAL,
EXIDEIND.NS,EXIDEIND,
NYKAA.NS,NYKAA,
FEDERALBNK.NS,FEDERALBNK,
FACT.NS,FACT,
FINCABLES.NS,FINCABLES,
FINPIPE.NS,FINPIPE,
FSL.NS,FSL,
FIVESTAR.NS,FIVESTAR,
FORCEMOT.NS,FORCEMOT,
FORTIS.NS,FORTIS,
GAIL.NS,GAIL,
GVT&D.NS,GVT&D,
GMRAIRPORT.NS,GMRAIRPORT,
GRSE.NS,GRSE,
GICRE.NS,GICRE,
GILLETTE.NS,GILLETTE,
GLAND.NS,GLAND,
GLAXO.NS,GLAXO,
GLENMARK.NS,GLENMARK,
MEDANTA.NS,MEDANTA,
GODIGIT.NS,GODIGIT,
GPIL.NS,GPIL,
GODFRYPHLP.NS,GODFRYPHLP,
GODREJAGRO.NS,GODREJAGRO,
GODREJCP.NS,GODREJCP,
GODREJIND.NS,GODREJIND,
GODREJPROP.NS,GODREJPROP,
GRANULES.NS,GRANULES,
GRAPHITE.NS,GRAPHITE,
GRASIM.NS,GRASIM,
GRAVITA.NS,GRAVITA,
GESHIP.NS,GESHIP,
FLUOROCHEM.NS,FLUOROCHEM,
GUJGASLTD.NS,GUJGASLTD,
GMDCLTD.NS,GMDCLTD,
GSPL.NS,GSPL,
HEG.NS,HEG,
HBLENGINE.NS,HBLENGINE,
HCLTECH.NS,HCLTECH,
HDFCAMC.NS,HDFCAMC,
HDFCBANK.NS,HDFCBANK,
HDFCLIFE.NS,HDFCLIFE,
HFCL.NS,HFCL,
HAPPSTMNDS.NS,HAPPSTMNDS,
HAVELLS.NS,HAVELLS,
HEROMOTOCO.NS,HEROMOTOCO,
HEXT.NS,HEXT,
HSCL.NS,HSCL,
HINDALCO.NS,HINDALCO,
HAL.NS,HAL,
HINDCOPPER.NS,HINDCOPPER,
HINDPETRO.NS,HINDPETRO,
HINDUNILVR.NS,HINDUNILVR,
HINDZINC.NS,HINDZINC,
POWERINDIA.NS,POWERINDIA,
HOMEFIRST.NS,HOMEFIRST,
HONASA.NS,HONASA,
HONAUT.NS,HONAUT,
HUDCO.NS,HUDCO,
HYUNDAI.NS,HYUNDAI,
ICICIBANK.NS,ICICIBANK,
ICICIGI.NS,ICICIGI,
ICICIPRULI.NS,ICICIPRULI,
IDBI.NS,IDBI,
IDFCFIRSTB.NS,IDFCFIRSTB,
IFCI.NS,IFCI,
IIFL.NS,IIFL,
INOXINDIA.NS,INOXINDIA,
IRB.NS,IRB,
IRCON.NS,IRCON,
ITCHOTELS.NS,ITCHOTELS,
ITC.NS,ITC,
ITI.NS,ITI,
INDGN.NS,INDGN,
INDIACEM.NS,INDIACEM,
INDIAMART.NS,INDIAMART,
INDIANB.NS,INDIANB,
IEX.NS,IEX,
INDHOTEL.NS,INDHOTEL,
IOC.NS,IOC,
IOB.NS,IOB,
IRCTC.NS,IRCTC,
IRFC.NS,IRFC,
IREDA.NS,IREDA,
IGL.NS,IGL,
INDUSTOWER.NS,INDUSTOWER,
INDUSINDBK.NS,INDUSINDBK,
NAUKRI.NS,NAUKRI,
INFY.NS,INFY,
INOXWIND.NS,INOXWIND,
INTELLECT.NS,INTELLECT,
INDIGO.NS,INDIGO,
IGIL.NS,IGIL,
IKS.NS,IKS,
IPCALAB.NS,IPCALAB,
JBCHEPHARM.NS,JBCHEPHARM,
JKCEMENT.NS,JKCEMENT,
JBMA.NS,JBMA,
JKTYRE.NS,JKTYRE,
JMFINANCIL.NS,JMFINANCIL,
JSWCEMENT.NS,JSWCEMENT,
JSWENERGY.NS,JSWENERGY,
JSWINFRA.NS,JSWINFRA,
JSWSTEEL.NS,JSWSTEEL,
JPPOWER.NS,JPPOWER,
J&KBANK.NS,J&KBANK,
JINDALSAW.NS,JINDALSAW,
JSL.NS,JSL,
JINDALSTEL.NS,JINDALSTEL,
JIOFIN.NS,JIOFIN,
JUBLFOOD.NS,JUBLFOOD,
JUBLINGREA.NS,JUBLINGREA,
JUBLPHARMA.NS,JUBLPHARMA,
JWL.NS,JWL,
JYOTHYLAB.NS,JYOTHYLAB,
JYOTICNC.NS,JYOTICNC,
KPRMILL.NS,KPRMILL,
KEI.NS,KEI,
KPITTECH.NS,KPITTECH,
KSB.NS,KSB,
KAJARIACER.NS,KAJARIACER,
KPIL.NS,KPIL,
KALYANKJIL.NS,KALYANKJIL,
KARURVYSYA.NS,KARURVYSYA,
KAYNES.NS,KAYNES,
KEC.NS,KEC,
KFINTECH.NS,KFINTECH,
KIRLOSBROS.NS,KIRLOSBROS,
KIRLOSENG.NS,KIRLOSENG,
KOTAKBANK.NS,KOTAKBANK,
KIMS.NS,KIMS,
LTF.NS,LTF,
LTTS.NS,LTTS,
LICHSGFIN.NS,LICHSGFIN,
LTFOODS.NS,LTFOODS,
LTIM.NS,LTIM,
LT.NS,LT,
LATENTVIEW.NS,LATENTVIEW,
LAURUSLABS.NS,LAURUSLABS,
THELEELA.NS,THELEELA,
LEMONTREE.NS,LEMONTREE,
LICI.NS,LICI,
LINDEINDIA.NS,LINDEINDIA,
LLOYDSME.NS,LLOYDSME,
LODHA.NS,LODHA,
LUPIN.NS,LUPIN,
MMTC.NS,MMTC,
MRF.NS,MRF,
MGL.NS,MGL,
MAHSCOOTER.NS,MAHSCOOTER,
MAHSEAMLES.NS,MAHSEAMLES,
M&MFIN.NS,M&MFIN,
M&M.NS,M&M,
MANAPPURAM.NS,MANAPPURAM,
MRPL.NS,MRPL,
MANKIND.NS,MANKIND,
MARICO.NS,MARICO,
MARUTI.NS,MARUTI,
MFSL.NS,MFSL,
MAXHEALTH.NS,MAXHEALTH,
MAZDOCK.NS,MAZDOCK,
METROPOLIS.NS,METROPOLIS,
MINDACORP.NS,MINDACORP,
MSUMI.NS,MSUMI,
MOTILALOFS.NS,MOTILALOFS,
MPHASIS.NS,MPHASIS,
MCX.NS,MCX,
MUTHOOTFIN.NS,MUTHOOTFIN,
NATCOPHARM.NS,NATCOPHARM,
NBCC.NS,NBCC,
NCC.NS,NCC,
NHPC.NS,NHPC,
NLCINDIA.NS,NLCINDIA,
NMDC.NS,NMDC,
NSLNISP.NS,NSLNISP,
NTPCGREEN.NS,NTPCGREEN,
NTPC.NS,NTPC,
NH.NS,NH,
NATIONALUM.NS,NATIONALUM,
NAVA.NS,NAVA,
NAVINFLUOR.NS,NAVINFLUOR,
NESTLEIND.NS,NESTLEIND,
NETWEB.NS,NETWEB,
NEULANDLAB.NS,NEULANDLAB,
NEWGEN.NS,NEWGEN,
NAM-INDIA.NS,NAM-INDIA,
NIVABUPA.NS,NIVABUPA,
NUVAMA.NS,NUVAMA,
NUVOCO.NS,NUVOCO,
OBEROIRLTY.NS,OBEROIRLTY,
ONGC.NS,ONGC,
OIL.NS,OIL,
OLAELEC.NS,OLAELEC,
OLECTRA.NS,OLECTRA,
PAYTM.NS,PAYTM,
ONESOURCE.NS,ONESOURCE,
OFSS.NS,OFSS,
POLICYBZR.NS,POLICYBZR,
PCBL.NS,PCBL,
PGEL.NS,PGEL,
PIIND.NS,PIIND,
PNBHOUSING.NS,PNBHOUSING,
PTCIL.NS,PTCIL,
PVRINOX.NS,PVRINOX,
PAGEIND.NS,PAGEIND,
PATANJALI.NS,PATANJALI,
PERSISTENT.NS,PERSISTENT,
PETRONET.NS,PETRONET,
PFIZER.NS,PFIZER,
PHOENIXLTD.NS,PHOENIXLTD,
PIDILITIND.NS,PIDILITIND,
PPLPHARMA.NS,PPLPHARMA,
POLYMED.NS,POLYMED,
POLYCAB.NS,POLYCAB,
POONAWALLA.NS,POONAWALLA,
PFC.NS,PFC,
POWERGRID.NS,POWERGRID,
PRAJIND.NS,PRAJIND,
PREMIERENE.NS,PREMIERENE,
PRESTIGE.NS,PRESTIGE,
PGHH.NS,PGHH,
PNB.NS,PNB,
RRKABEL.NS,RRKABEL,
RBLBANK.NS,RBLBANK,
RECLTD.NS,RECLTD,
RHIM.NS,RHIM,
RITES.NS,RITES,
RADICO.NS,RADICO,
RVNL.NS,RVNL,
RAILTEL.NS,RAILTEL,
RAINBOW.NS,RAINBOW,
RKFORGE.NS,RKFORGE,
RCF.NS,RCF,
REDINGTON.NS,REDINGTON,
RELIANCE.NS,RELIANCE,
RELINFRA.NS,RELINFRA,
RPOWER.NS,RPOWER,
SBFC.NS,SBFC,
SBICARD.NS,SBICARD,
SBILIFE.NS,SBILIFE,
SJVN.NS,SJVN,
SRF.NS,SRF,
SAGILITY.NS,SAGILITY,
SAILIFE.NS,SAILIFE,
SAMMAANCAP.NS,SAMMAANCAP,
MOTHERSON.NS,MOTHERSON,
SAPPHIRE.NS,SAPPHIRE,
SARDAEN.NS,SARDAEN,
SAREGAMA.NS,SAREGAMA,
SCHAEFFLER.NS,SCHAEFFLER,
SCHNEIDER.NS,SCHNEIDER,
SCI.NS,SCI,
SHREECEM.NS,SHREECEM,
SHRIRAMFIN.NS,SHRIRAMFIN,
SHYAMMETL.NS,SHYAMMETL,
ENRIN.NS,ENRIN,
SIEMENS.NS,SIEMENS,
SIGNATURE.NS,SIGNATURE,
SOBHA.NS,SOBHA,
SOLARINDS.NS,SOLARINDS,
SONACOMS.NS,SONACOMS,
SONATSOFTW.NS,SONATSOFTW,
STARHEALTH.NS,STARHEALTH,
SBIN.NS,SBIN,
SAIL.NS,SAIL,
SUMICHEM.NS,SUMICHEM,
SUNPHARMA.NS,SUNPHARMA,
SUNTV.NS,SUNTV,
SUNDARMFIN.NS,SUNDARMFIN,
SUNDRMFAST.NS,SUNDRMFAST,
SUPREMEIND.NS,SUPREMEIND,
SUZLON.NS,SUZLON,
SWANCORP.NS,SWANCORP,
SWIGGY.NS,SWIGGY,
SYNGENE.NS,SYNGENE,
SYRMA.NS,SYRMA,
TBOTEK.NS,TBOTEK,
TVSMOTOR.NS,TVSMOTOR,
TATACHEM.NS,TATACHEM,
TATACOMM.NS,TATACOMM,
TCS.NS,TCS,
TATACONSUM.NS,TATACONSUM,
TATAELXSI.NS,TATAELXSI,
TATAINVEST.NS,TATAINVEST,
TMPV.NS,TMPV,
TATAPOWER.NS,TATAPOWER,
TATASTEEL.NS,TATASTEEL,
TATATECH.NS,TATATECH,
TTML.NS,TTML,
TECHM.NS,TECHM,
TECHNOE.NS,TECHNOE,
TEJASNET.NS,TEJASNET,
NIACL.NS,NIACL,
RAMCOCEM.NS,RAMCOCEM,
THERMAX.NS,THERMAX,
TIMKEN.NS,TIMKEN,
TITAGARH.NS,TITAGARH,
TITAN.NS,TITAN,
TORNTPHARM.NS,TORNTPHARM,
TORNTPOWER.NS,TORNTPOWER,
TARIL.NS,TARIL,
TRENT.NS,TRENT,
TRIDENT.NS,TRIDENT,
TRIVENI.NS,TRIVENI,
TRITURBINE.NS,TRITURBINE,
TIINDIA.NS,TIINDIA,
UCOBANK.NS,UCOBANK,
UNOMINDA.NS,UNOMINDA,
UPL.NS,UPL,
UTIAMC.NS,UTIAMC,
ULTRACEMCO.NS,ULTRACEMCO,
UNIONBANK.NS,UNIONBANK,
UBL.NS,UBL,
UNITDSPR.NS,UNITDSPR,
USHAMART.NS,USHAMART,
VGUARD.NS,VGUARD,
DBREALTY.NS,DBREALTY,
VTL.NS,VTL,
VBL.NS,VBL,
MANYAVAR.NS,MANYAVAR,
VEDL.NS,VEDL,
VENTIVE.NS,VENTIVE,
VIJAYA.NS,VIJAYA,
VMM.NS,VMM,
IDEA.NS,IDEA,
VOLTAS.NS,VOLTAS,
WAAREEENER.NS,WAAREEENER,
WELCORP.NS,WELCORP,
WELSPUNLIV.NS,WELSPUNLIV,
WHIRLPOOL.NS,WHIRLPOOL,
WIPRO.NS,WIPRO,
WOCKPHARMA.NS,WOCKPHARMA,
YESBANK.NS,YESBANK,
ZFCVINDIA.NS,ZFCVINDIA,
ZEEL.NS,ZEEL,
ZENTEC.NS,ZENTEC,
ZENSARTECH.NS,ZENSARTECH,
ZYDUSLIFE.NS,ZYDUSLIFE,
ECLERX.NS,ECLERX,
